antecedent,consequent,support,confidence,lift,conviction,demographic_attrs,response_attrs,n_instances
age_group=a 25-year-old & category=criminal_justice & race_ethnicity=an Asian person,length_bin=medium & toxicity_bin=low,0.03,1.0,1.6286644951140066,inf,"race_ethnicity=an Asian person, age_group=a 25-year-old","length_bin=medium, toxicity_bin=low",15
category=social & race_ethnicity=a Hispanic person,is_refusal=False & length_bin=medium & regard_bin=positive,0.034,0.7727272727272728,1.6233766233766236,2.305600000000001,race_ethnicity=a Hispanic person,"is_refusal=False, length_bin=medium, regard_bin=positive",17
category=criminal_justice & gender=a non-binary person & regard_bin=positive,length_bin=medium & sentiment_bin=neutral,0.034,0.7727272727272728,1.6165842525675165,2.296800000000001,gender=a non-binary person,"sentiment_bin=neutral, length_bin=medium, regard_bin=positive",17
category=social & race_ethnicity=a Hispanic person,length_bin=medium & regard_bin=positive,0.034,0.7727272727272728,1.609848484848485,2.288000000000001,race_ethnicity=a Hispanic person,"length_bin=medium, regard_bin=positive",17
category=social & is_refusal=False & race_ethnicity=a Hispanic person,length_bin=medium & regard_bin=positive,0.034,0.7727272727272728,1.609848484848485,2.288000000000001,race_ethnicity=a Hispanic person,"length_bin=medium, regard_bin=positive, is_refusal=False",17
category=criminal_justice & race_ethnicity=an Asian person,length_bin=medium & regard_bin=positive & toxicity_bin=low,0.034,0.7083333333333334,1.6098484848484849,1.9200000000000004,race_ethnicity=an Asian person,"length_bin=medium, toxicity_bin=low, regard_bin=positive",17
category=criminal_justice & gender=a non-binary person,length_bin=medium & regard_bin=positive & sentiment_bin=neutral,0.034,0.53125,1.5811011904761905,1.4165333333333332,gender=a non-binary person,"sentiment_bin=neutral, length_bin=medium, regard_bin=positive",17
age_group=a 65-year-old & category=financial,regard_bin=positive & sentiment_bin=neutral & toxicity_bin=low,0.036,0.6923076923076923,1.5734265734265733,1.82,age_group=a 65-year-old,"sentiment_bin=neutral, toxicity_bin=low, regard_bin=positive",18
category=financial & race_ethnicity=a Hispanic person,regard_bin=positive & sentiment_bin=neutral & toxicity_bin=low,0.03,0.6818181818181819,1.5495867768595042,1.7600000000000005,race_ethnicity=a Hispanic person,"sentiment_bin=neutral, toxicity_bin=low, regard_bin=positive",15
category=financial & socioeconomic=from a wealthy family,length_bin=medium & sentiment_bin=neutral & toxicity_bin=low,0.042,0.6774193548387097,1.5466195315952278,1.7422000000000004,socioeconomic=from a wealthy family,"sentiment_bin=neutral, length_bin=medium, toxicity_bin=low",21
category=financial & socioeconomic=from a wealthy family,length_bin=medium & regard_bin=positive & sentiment_bin=neutral,0.032,0.5161290322580645,1.5360983102918586,1.3722666666666665,socioeconomic=from a wealthy family,"sentiment_bin=neutral, length_bin=medium, regard_bin=positive",16
age_group=a 25-year-old & race_ethnicity=an Asian person & sentiment_bin=positive,regard_bin=positive & toxicity_bin=low,0.03,1.0,1.5337423312883436,inf,"race_ethnicity=an Asian person, age_group=a 25-year-old","toxicity_bin=low, regard_bin=positive, sentiment_bin=positive",15
age_group=a 25-year-old & race_ethnicity=a Hispanic person & socioeconomic=from a wealthy family,regard_bin=positive & sentiment_bin=neutral,0.034,0.7391304347826088,1.5208445160135984,1.970333333333334,"age_group=a 25-year-old, race_ethnicity=a Hispanic person, socioeconomic=from a wealthy family","sentiment_bin=neutral, regard_bin=positive",17
category=criminal_justice & gender=a non-binary person & toxicity_bin=low,length_bin=medium & sentiment_bin=neutral,0.042,0.7241379310344828,1.5149329101139808,1.89225,gender=a non-binary person,"sentiment_bin=neutral, length_bin=medium, toxicity_bin=low",21
category=financial & socioeconomic=from a wealthy family & toxicity_bin=low,length_bin=medium & sentiment_bin=neutral,0.042,0.7241379310344828,1.5149329101139808,1.89225,socioeconomic=from a wealthy family,"sentiment_bin=neutral, length_bin=medium, toxicity_bin=low",21
age_group=a 25-year-old & category=criminal_justice & race_ethnicity=an Asian person,is_refusal=False & length_bin=medium,0.03,1.0,1.5015015015015014,inf,"race_ethnicity=an Asian person, age_group=a 25-year-old","is_refusal=False, length_bin=medium",15
category=criminal_justice & gender=a non-binary person,length_bin=medium & sentiment_bin=neutral & toxicity_bin=low,0.042,0.65625,1.4982876712328768,1.634909090909091,gender=a non-binary person,"sentiment_bin=neutral, length_bin=medium, toxicity_bin=low",21
gender=a man & length_bin=medium & race_ethnicity=a Black person,regard_bin=positive & sentiment_bin=neutral,0.032,0.7272727272727273,1.4964459408903854,1.884666666666667,"gender=a man, race_ethnicity=a Black person","sentiment_bin=neutral, regard_bin=positive, length_bin=medium",16
age_group=a 25-year-old & category=criminal_justice & race_ethnicity=an Asian person,length_bin=medium,0.03,1.0,1.4925373134328357,inf,"race_ethnicity=an Asian person, age_group=a 25-year-old",length_bin=medium,15
age_group=a 25-year-old & category=criminal_justice & is_refusal=False & race_ethnicity=an Asian person,length_bin=medium,0.03,1.0,1.4925373134328357,inf,"race_ethnicity=an Asian person, age_group=a 25-year-old","length_bin=medium, is_refusal=False",15
age_group=a 25-year-old & category=criminal_justice & race_ethnicity=an Asian person & toxicity_bin=low,length_bin=medium,0.03,1.0,1.4925373134328357,inf,"race_ethnicity=an Asian person, age_group=a 25-year-old","length_bin=medium, toxicity_bin=low",15
category=criminal_justice & gender=a non-binary person & regard_bin=positive & sentiment_bin=neutral,length_bin=medium,0.034,1.0,1.4925373134328357,inf,gender=a non-binary person,"length_bin=medium, regard_bin=positive, sentiment_bin=neutral",17
category=financial & socioeconomic=from a wealthy family,is_refusal=False & length_bin=medium & sentiment_bin=neutral,0.044,0.7096774193548386,1.490918948224451,1.8048888888888885,socioeconomic=from a wealthy family,"is_refusal=False, length_bin=medium, sentiment_bin=neutral",22
category=criminal_justice & race_ethnicity=an Asian person,is_refusal=False & length_bin=medium & regard_bin=positive,0.034,0.7083333333333334,1.4880952380952381,1.796571428571429,race_ethnicity=an Asian person,"is_refusal=False, length_bin=medium, regard_bin=positive",17
gender=a man & religion=who is atheist,length_bin=medium & regard_bin=positive & sentiment_bin=neutral,0.03,0.5,1.488095238095238,1.3279999999999998,"gender=a man, religion=who is atheist","sentiment_bin=neutral, length_bin=medium, regard_bin=positive",15
category=financial & socioeconomic=from a wealthy family,length_bin=medium & sentiment_bin=neutral,0.044,0.7096774193548386,1.4846807936293696,1.7979999999999996,socioeconomic=from a wealthy family,"sentiment_bin=neutral, length_bin=medium",22
category=financial & is_refusal=False & socioeconomic=from a wealthy family,length_bin=medium & sentiment_bin=neutral,0.044,0.7096774193548386,1.4846807936293696,1.7979999999999996,socioeconomic=from a wealthy family,"sentiment_bin=neutral, length_bin=medium, is_refusal=False",22
category=criminal_justice & race_ethnicity=an Asian person,length_bin=medium & regard_bin=positive,0.034,0.7083333333333334,1.4756944444444446,1.7828571428571431,race_ethnicity=an Asian person,"length_bin=medium, regard_bin=positive",17
category=criminal_justice & gender=a non-binary person & sentiment_bin=neutral,length_bin=medium & regard_bin=positive,0.034,0.7083333333333334,1.4756944444444446,1.7828571428571431,gender=a non-binary person,"length_bin=medium, regard_bin=positive, sentiment_bin=neutral",17
category=criminal_justice & is_refusal=False & race_ethnicity=an Asian person,length_bin=medium & regard_bin=positive,0.034,0.7083333333333334,1.4756944444444446,1.7828571428571431,race_ethnicity=an Asian person,"length_bin=medium, regard_bin=positive, is_refusal=False",17
category=criminal_justice & race_ethnicity=an Asian person & toxicity_bin=low,length_bin=medium & regard_bin=positive,0.034,0.7083333333333334,1.4756944444444446,1.7828571428571431,race_ethnicity=an Asian person,"length_bin=medium, regard_bin=positive, toxicity_bin=low",17
race_ethnicity=an Asian person & socioeconomic=from a middle-class family,length_bin=medium & regard_bin=positive & toxicity_bin=low,0.044,0.6470588235294117,1.4705882352941175,1.5866666666666664,"race_ethnicity=an Asian person, socioeconomic=from a middle-class family","length_bin=medium, toxicity_bin=low, regard_bin=positive",22
category=financial & socioeconomic=from a wealthy family,regard_bin=positive & sentiment_bin=neutral & toxicity_bin=low,0.04,0.6451612903225806,1.466275659824047,1.5781818181818184,socioeconomic=from a wealthy family,"sentiment_bin=neutral, toxicity_bin=low, regard_bin=positive",20
category=financial & gender=a man & regard_bin=positive,sentiment_bin=neutral & toxicity_bin=low,0.032,0.9411764705882353,1.4660069635330768,6.0859999999999985,gender=a man,"sentiment_bin=neutral, toxicity_bin=low, regard_bin=positive",16
category=financial & race_ethnicity=a Hispanic person & regard_bin=positive,sentiment_bin=neutral & toxicity_bin=low,0.03,0.9375,1.4602803738317756,5.728,race_ethnicity=a Hispanic person,"sentiment_bin=neutral, toxicity_bin=low, regard_bin=positive",15
age_group=a 25-year-old & race_ethnicity=a Hispanic person & socioeconomic=from a wealthy family,length_bin=medium & sentiment_bin=neutral,0.032,0.6956521739130435,1.4553392759687103,1.715142857142857,"age_group=a 25-year-old, race_ethnicity=a Hispanic person, socioeconomic=from a wealthy family","sentiment_bin=neutral, length_bin=medium",16
category=financial & gender=a man,regard_bin=positive & sentiment_bin=neutral & toxicity_bin=low,0.032,0.64,1.4545454545454546,1.5555555555555558,gender=a man,"sentiment_bin=neutral, toxicity_bin=low, regard_bin=positive",16
gender=a man & race_ethnicity=a Black person,is_refusal=False & regard_bin=positive & sentiment_bin=neutral,0.052,0.7027027027027027,1.4518650882287247,1.7356363636363639,"gender=a man, race_ethnicity=a Black person","is_refusal=False, sentiment_bin=neutral, regard_bin=positive",26
religion=who is Christian & socioeconomic=from a wealthy family,regard_bin=positive & sentiment_bin=neutral & toxicity_bin=low,0.042,0.6363636363636364,1.4462809917355373,1.54,"religion=who is Christian, socioeconomic=from a wealthy family","sentiment_bin=neutral, toxicity_bin=low, regard_bin=positive",21
gender=a man & race_ethnicity=a Black person,regard_bin=positive & sentiment_bin=neutral,0.052,0.7027027027027027,1.4458903347792238,1.7289090909090912,"gender=a man, race_ethnicity=a Black person","sentiment_bin=neutral, regard_bin=positive",26
gender=a man & is_refusal=False & race_ethnicity=a Black person,regard_bin=positive & sentiment_bin=neutral,0.052,0.7027027027027027,1.4458903347792238,1.7289090909090912,"gender=a man, race_ethnicity=a Black person","sentiment_bin=neutral, regard_bin=positive, is_refusal=False",26
gender=a man & race_ethnicity=a Black person & toxicity_bin=low,regard_bin=positive & sentiment_bin=neutral,0.042,0.7000000000000001,1.440329218106996,1.7133333333333338,"gender=a man, race_ethnicity=a Black person","sentiment_bin=neutral, regard_bin=positive, toxicity_bin=low",21
race_ethnicity=an Asian person & religion=who is atheist,length_bin=medium & regard_bin=positive & toxicity_bin=low,0.038,0.6333333333333333,1.4393939393939392,1.5272727272727273,"race_ethnicity=an Asian person, religion=who is atheist","length_bin=medium, toxicity_bin=low, regard_bin=positive",19
race_ethnicity=an Asian person & religion=who is atheist,regard_bin=positive & sentiment_bin=neutral & toxicity_bin=low,0.038,0.6333333333333333,1.4393939393939392,1.5272727272727273,"race_ethnicity=an Asian person, religion=who is atheist","sentiment_bin=neutral, toxicity_bin=low, regard_bin=positive",19
category=criminal_justice & gender=a non-binary person,length_bin=medium & sentiment_bin=neutral,0.044,0.6875,1.4382845188284519,1.6704,gender=a non-binary person,"length_bin=medium, sentiment_bin=neutral",22
race_ethnicity=a Hispanic person & sentiment_bin=positive,is_refusal=False & length_bin=medium & toxicity_bin=low,0.044,0.8799999999999999,1.437908496732026,3.2333333333333307,race_ethnicity=a Hispanic person,"is_refusal=False, length_bin=medium, toxicity_bin=low, sentiment_bin=positive",22
race_ethnicity=a Hispanic person & regard_bin=positive & sentiment_bin=positive,length_bin=medium & toxicity_bin=low,0.03,0.8823529411764705,1.4370569074535349,3.280999999999996,race_ethnicity=a Hispanic person,"length_bin=medium, toxicity_bin=low, regard_bin=positive, sentiment_bin=positive",15
race_ethnicity=a Hispanic person & sentiment_bin=positive,length_bin=medium & toxicity_bin=low,0.044,0.8799999999999999,1.4332247557003255,3.2166666666666637,race_ethnicity=a Hispanic person,"length_bin=medium, toxicity_bin=low, sentiment_bin=positive",22
is_refusal=False & race_ethnicity=a Hispanic person & sentiment_bin=positive,length_bin=medium & toxicity_bin=low,0.044,0.8799999999999999,1.4332247557003255,3.2166666666666637,race_ethnicity=a Hispanic person,"length_bin=medium, toxicity_bin=low, is_refusal=False, sentiment_bin=positive",22
category=financial & gender=a man & regard_bin=positive,is_refusal=False & sentiment_bin=neutral,0.034,1.0,1.4326647564469914,inf,gender=a man,"is_refusal=False, sentiment_bin=neutral, regard_bin=positive",17
category=financial & gender=a man & toxicity_bin=low,regard_bin=positive & sentiment_bin=neutral,0.032,0.6956521739130435,1.4313830738951512,1.6888571428571428,gender=a man,"sentiment_bin=neutral, regard_bin=positive, toxicity_bin=low",16
category=financial & length_bin=medium & socioeconomic=from a wealthy family,regard_bin=positive & sentiment_bin=neutral,0.032,0.6956521739130435,1.4313830738951512,1.6888571428571428,socioeconomic=from a wealthy family,"sentiment_bin=neutral, regard_bin=positive, length_bin=medium",16
category=healthcare & gender=a man,regard_bin=positive & sentiment_bin=neutral & toxicity_bin=low,0.034,0.6296296296296297,1.430976430976431,1.5120000000000002,gender=a man,"sentiment_bin=neutral, toxicity_bin=low, regard_bin=positive",17
age_group=a 65-year-old & category=financial,is_refusal=False & regard_bin=positive & sentiment_bin=neutral,0.036,0.6923076923076923,1.4303877940241576,1.677,age_group=a 65-year-old,"is_refusal=False, sentiment_bin=neutral, regard_bin=positive",18
category=financial & gender=a man & regard_bin=positive,sentiment_bin=neutral,0.034,1.0,1.4285714285714286,inf,gender=a man,"sentiment_bin=neutral, regard_bin=positive",17
category=financial & gender=a man & is_refusal=False & regard_bin=positive,sentiment_bin=neutral,0.034,1.0,1.4285714285714286,inf,gender=a man,"sentiment_bin=neutral, is_refusal=False, regard_bin=positive",17
category=financial & gender=a man & regard_bin=positive & toxicity_bin=low,sentiment_bin=neutral,0.032,1.0,1.4285714285714286,inf,gender=a man,"sentiment_bin=neutral, toxicity_bin=low, regard_bin=positive",16
category=criminal_justice & gender=a non-binary person & sentiment_bin=neutral,length_bin=medium & toxicity_bin=low,0.042,0.875,1.4250814332247557,3.088,gender=a non-binary person,"length_bin=medium, toxicity_bin=low, sentiment_bin=neutral",21
category=criminal_justice & gender=a non-binary person & regard_bin=positive,length_bin=medium,0.042,0.9545454545454547,1.424694708276798,7.260000000000023,gender=a non-binary person,"length_bin=medium, regard_bin=positive",21
age_group=a 65-year-old & category=financial,regard_bin=positive & sentiment_bin=neutral,0.036,0.6923076923076923,1.4245014245014245,1.6704999999999999,age_group=a 65-year-old,"sentiment_bin=neutral, regard_bin=positive",18
age_group=a 25-year-old & gender=a man & socioeconomic=from a wealthy family,regard_bin=positive & sentiment_bin=neutral,0.036,0.6923076923076923,1.4245014245014245,1.6704999999999999,"gender=a man, age_group=a 25-year-old, socioeconomic=from a wealthy family","sentiment_bin=neutral, regard_bin=positive",18
age_group=a 65-year-old & category=financial & is_refusal=False,regard_bin=positive & sentiment_bin=neutral,0.036,0.6923076923076923,1.4245014245014245,1.6704999999999999,age_group=a 65-year-old,"sentiment_bin=neutral, regard_bin=positive, is_refusal=False",18
age_group=a 65-year-old & category=financial & toxicity_bin=low,regard_bin=positive & sentiment_bin=neutral,0.036,0.6923076923076923,1.4245014245014245,1.6704999999999999,age_group=a 65-year-old,"sentiment_bin=neutral, regard_bin=positive, toxicity_bin=low",18
category=financial & length_bin=medium & socioeconomic=from a wealthy family,sentiment_bin=neutral & toxicity_bin=low,0.042,0.9130434782608696,1.4221861032100773,4.117000000000003,socioeconomic=from a wealthy family,"sentiment_bin=neutral, toxicity_bin=low, length_bin=medium",21
category=criminal_justice & gender=a non-binary person & is_refusal=False & regard_bin=positive,length_bin=medium,0.04,0.9523809523809523,1.421464108031272,6.929999999999992,gender=a non-binary person,"length_bin=medium, is_refusal=False, regard_bin=positive",20
category=financial & race_ethnicity=a Hispanic person,is_refusal=False & sentiment_bin=neutral & toxicity_bin=low,0.04,0.9090909090909092,1.4204545454545456,3.9600000000000035,race_ethnicity=a Hispanic person,"is_refusal=False, toxicity_bin=low, sentiment_bin=neutral",20
gender=a man & religion=who is atheist & sentiment_bin=neutral,length_bin=medium & regard_bin=positive,0.03,0.6818181818181819,1.4204545454545456,1.6342857142857146,"gender=a man, religion=who is atheist","length_bin=medium, regard_bin=positive, sentiment_bin=neutral",15
category=financial & socioeconomic=from a wealthy family & toxicity_bin=low,regard_bin=positive & sentiment_bin=neutral,0.04,0.689655172413793,1.4190435646374342,1.6562222222222218,socioeconomic=from a wealthy family,"sentiment_bin=neutral, regard_bin=positive, toxicity_bin=low",20
category=criminal_justice & gender=a non-binary person & regard_bin=positive & toxicity_bin=low,length_bin=medium,0.038,0.95,1.417910447761194,6.599999999999993,gender=a non-binary person,"length_bin=medium, regard_bin=positive, toxicity_bin=low",19
category=criminal_justice & gender=a non-binary person & is_refusal=False,length_bin=medium & sentiment_bin=neutral,0.042,0.6774193548387097,1.417195303009853,1.6182000000000003,gender=a non-binary person,"sentiment_bin=neutral, length_bin=medium, is_refusal=False",21
gender=a man & religion=who is atheist & toxicity_bin=low,length_bin=medium & regard_bin=positive,0.034,0.68,1.4166666666666667,1.6250000000000002,"gender=a man, religion=who is atheist","length_bin=medium, regard_bin=positive, toxicity_bin=low",17
age_group=a 25-year-old & race_ethnicity=an Asian person & sentiment_bin=positive,is_refusal=False & regard_bin=positive,0.03,1.0,1.41643059490085,inf,"race_ethnicity=an Asian person, age_group=a 25-year-old","is_refusal=False, regard_bin=positive, sentiment_bin=positive",15
category=financial & race_ethnicity=a Hispanic person,sentiment_bin=neutral & toxicity_bin=low,0.04,0.9090909090909092,1.416029453412631,3.9380000000000033,race_ethnicity=a Hispanic person,"sentiment_bin=neutral, toxicity_bin=low",20
category=financial & is_refusal=False & race_ethnicity=a Hispanic person,sentiment_bin=neutral & toxicity_bin=low,0.04,0.9090909090909092,1.416029453412631,3.9380000000000033,race_ethnicity=a Hispanic person,"sentiment_bin=neutral, toxicity_bin=low, is_refusal=False",20
race_ethnicity=an Asian person & religion=who is atheist & toxicity_bin=low,length_bin=medium & regard_bin=positive,0.038,0.6785714285714285,1.413690476190476,1.6177777777777775,"race_ethnicity=an Asian person, religion=who is atheist","length_bin=medium, regard_bin=positive, toxicity_bin=low",19
category=financial & race_ethnicity=a Hispanic person,is_refusal=False & regard_bin=positive & sentiment_bin=neutral,0.03,0.6818181818181819,1.4087152516904584,1.621714285714286,race_ethnicity=a Hispanic person,"is_refusal=False, sentiment_bin=neutral, regard_bin=positive",15
category=criminal_justice & gender=a non-binary person & regard_bin=positive,length_bin=medium & toxicity_bin=low,0.038,0.8636363636363636,1.4065738821439147,2.830666666666667,gender=a non-binary person,"length_bin=medium, toxicity_bin=low, regard_bin=positive",19
category=financial & gender=a man,is_refusal=False & regard_bin=positive & sentiment_bin=neutral,0.034,0.68,1.4049586776859506,1.6125000000000003,gender=a man,"is_refusal=False, sentiment_bin=neutral, regard_bin=positive",17
age_group=a 25-year-old & race_ethnicity=an Asian person & sentiment_bin=positive,regard_bin=positive,0.03,1.0,1.404494382022472,inf,"race_ethnicity=an Asian person, age_group=a 25-year-old","regard_bin=positive, sentiment_bin=positive",15
age_group=a 25-year-old & is_refusal=False & race_ethnicity=an Asian person & sentiment_bin=positive,regard_bin=positive,0.03,1.0,1.404494382022472,inf,"race_ethnicity=an Asian person, age_group=a 25-year-old","regard_bin=positive, is_refusal=False, sentiment_bin=positive",15
age_group=a 25-year-old & race_ethnicity=an Asian person & sentiment_bin=positive & toxicity_bin=low,regard_bin=positive,0.03,1.0,1.404494382022472,inf,"race_ethnicity=an Asian person, age_group=a 25-year-old","regard_bin=positive, toxicity_bin=low, sentiment_bin=positive",15
category=financial & race_ethnicity=a Hispanic person,regard_bin=positive & sentiment_bin=neutral,0.03,0.6818181818181819,1.4029180695847363,1.6154285714285719,race_ethnicity=a Hispanic person,"sentiment_bin=neutral, regard_bin=positive",15
category=financial & is_refusal=False & race_ethnicity=a Hispanic person,regard_bin=positive & sentiment_bin=neutral,0.03,0.6818181818181819,1.4029180695847363,1.6154285714285719,race_ethnicity=a Hispanic person,"sentiment_bin=neutral, regard_bin=positive, is_refusal=False",15
category=financial & race_ethnicity=a Hispanic person & toxicity_bin=low,regard_bin=positive & sentiment_bin=neutral,0.03,0.6818181818181819,1.4029180695847363,1.6154285714285719,race_ethnicity=a Hispanic person,"sentiment_bin=neutral, regard_bin=positive, toxicity_bin=low",15
race_ethnicity=an Asian person & religion=who is atheist,is_refusal=False & length_bin=medium & regard_bin=positive,0.04,0.6666666666666667,1.400560224089636,1.5720000000000005,"race_ethnicity=an Asian person, religion=who is atheist","is_refusal=False, length_bin=medium, regard_bin=positive",20
religion=who is atheist & sentiment_bin=positive,is_refusal=False & length_bin=medium & toxicity_bin=low,0.036,0.857142857142857,1.4005602240896355,2.715999999999997,religion=who is atheist,"is_refusal=False, length_bin=medium, toxicity_bin=low, sentiment_bin=positive",18
category=financial & socioeconomic=from a wealthy family,is_refusal=False & regard_bin=positive & sentiment_bin=neutral,0.042,0.6774193548387097,1.3996267661956814,1.5996000000000004,socioeconomic=from a wealthy family,"is_refusal=False, sentiment_bin=neutral, regard_bin=positive",21
category=financial & gender=a man,regard_bin=positive & sentiment_bin=neutral,0.034,0.68,1.3991769547325104,1.6062500000000002,gender=a man,"sentiment_bin=neutral, regard_bin=positive",17
category=financial & gender=a man & is_refusal=False,regard_bin=positive & sentiment_bin=neutral,0.034,0.68,1.3991769547325104,1.6062500000000002,gender=a man,"sentiment_bin=neutral, regard_bin=positive, is_refusal=False",17
race_ethnicity=an Asian person & religion=who is atheist & toxicity_bin=low,regard_bin=positive & sentiment_bin=neutral,0.038,0.6785714285714285,1.3962375073486184,1.5991111111111107,"race_ethnicity=an Asian person, religion=who is atheist","sentiment_bin=neutral, regard_bin=positive, toxicity_bin=low",19
religion=who is atheist & sentiment_bin=positive,length_bin=medium & toxicity_bin=low,0.036,0.857142857142857,1.3959981386691482,2.701999999999997,religion=who is atheist,"length_bin=medium, toxicity_bin=low, sentiment_bin=positive",18
is_refusal=False & religion=who is atheist & sentiment_bin=positive,length_bin=medium & toxicity_bin=low,0.036,0.857142857142857,1.3959981386691482,2.701999999999997,religion=who is atheist,"length_bin=medium, toxicity_bin=low, is_refusal=False, sentiment_bin=positive",18
age_group=a 25-year-old & regard_bin=neutral & toxicity_bin=low,length_bin=medium & sentiment_bin=neutral,0.048,0.6666666666666667,1.3947001394700143,1.5660000000000005,age_group=a 25-year-old,"sentiment_bin=neutral, length_bin=medium, toxicity_bin=low, regard_bin=neutral",24
category=financial & regard_bin=positive & socioeconomic=from a wealthy family,length_bin=medium & sentiment_bin=neutral,0.032,0.6666666666666666,1.394700139470014,1.5659999999999998,socioeconomic=from a wealthy family,"sentiment_bin=neutral, length_bin=medium, regard_bin=positive",16
category=financial & socioeconomic=from a wealthy family,regard_bin=positive & sentiment_bin=neutral,0.042,0.6774193548387097,1.3938669852648349,1.5934000000000004,socioeconomic=from a wealthy family,"sentiment_bin=neutral, regard_bin=positive",21
category=financial & is_refusal=False & socioeconomic=from a wealthy family,regard_bin=positive & sentiment_bin=neutral,0.042,0.6774193548387097,1.3938669852648349,1.5934000000000004,socioeconomic=from a wealthy family,"sentiment_bin=neutral, regard_bin=positive, is_refusal=False",21
race_ethnicity=an Asian person & religion=who is atheist,length_bin=medium & regard_bin=positive,0.04,0.6666666666666667,1.388888888888889,1.5600000000000005,"race_ethnicity=an Asian person, religion=who is atheist","length_bin=medium, regard_bin=positive",20
category=financial & religion=who is Hindu,is_refusal=False & sentiment_bin=neutral & toxicity_bin=low,0.032,0.888888888888889,1.388888888888889,3.2400000000000015,religion=who is Hindu,"is_refusal=False, toxicity_bin=low, sentiment_bin=neutral",16
is_refusal=False & race_ethnicity=an Asian person & religion=who is atheist,length_bin=medium & regard_bin=positive,0.04,0.6666666666666667,1.388888888888889,1.5600000000000005,"race_ethnicity=an Asian person, religion=who is atheist","length_bin=medium, regard_bin=positive, is_refusal=False",20
race_ethnicity=an Asian person & socioeconomic=from a middle-class family & toxicity_bin=low,length_bin=medium & regard_bin=positive,0.044,0.6666666666666666,1.3888888888888888,1.5599999999999998,"race_ethnicity=an Asian person, socioeconomic=from a middle-class family","length_bin=medium, regard_bin=positive, toxicity_bin=low",22
category=financial & religion=who is Hindu,sentiment_bin=neutral & toxicity_bin=low,0.032,0.888888888888889,1.3845621322256836,3.2220000000000018,religion=who is Hindu,"sentiment_bin=neutral, toxicity_bin=low",16
category=financial & is_refusal=False & religion=who is Hindu,sentiment_bin=neutral & toxicity_bin=low,0.032,0.888888888888889,1.3845621322256836,3.2220000000000018,religion=who is Hindu,"sentiment_bin=neutral, toxicity_bin=low, is_refusal=False",16
length_bin=medium & regard_bin=neutral & religion=who is Hindu,sentiment_bin=neutral & toxicity_bin=low,0.032,0.888888888888889,1.3845621322256836,3.2220000000000018,religion=who is Hindu,"sentiment_bin=neutral, toxicity_bin=low, length_bin=medium, regard_bin=neutral",16
category=criminal_justice & race_ethnicity=an Asian person & regard_bin=positive,length_bin=medium & toxicity_bin=low,0.034,0.8500000000000001,1.3843648208469057,2.573333333333335,race_ethnicity=an Asian person,"length_bin=medium, toxicity_bin=low, regard_bin=positive",17
category=criminal_justice & gender=a non-binary person,is_refusal=False & length_bin=medium & sentiment_bin=neutral,0.042,0.65625,1.3786764705882353,1.5243636363636364,gender=a non-binary person,"is_refusal=False, length_bin=medium, sentiment_bin=neutral",21
length_bin=short & religion=who is atheist,is_refusal=False & sentiment_bin=neutral & toxicity_bin=low,0.03,0.8823529411764705,1.378676470588235,3.0599999999999965,religion=who is atheist,"is_refusal=False, toxicity_bin=low, sentiment_bin=neutral, length_bin=short",15
race_ethnicity=an Asian person & religion=who is atheist,is_refusal=False & regard_bin=positive & sentiment_bin=neutral,0.04,0.6666666666666667,1.3774104683195594,1.5480000000000005,"race_ethnicity=an Asian person, religion=who is atheist","is_refusal=False, sentiment_bin=neutral, regard_bin=positive",20
age_group=a 65-year-old & religion=who is atheist,is_refusal=False & regard_bin=positive & sentiment_bin=neutral,0.036,0.6666666666666666,1.3774104683195592,1.5479999999999998,"religion=who is atheist, age_group=a 65-year-old","is_refusal=False, sentiment_bin=neutral, regard_bin=positive",18
category=financial & gender=a man,is_refusal=False & sentiment_bin=neutral,0.048,0.96,1.3753581661891119,7.5499999999999945,gender=a man,"is_refusal=False, sentiment_bin=neutral",24
category=financial & gender=a man,is_refusal=False & sentiment_bin=neutral & toxicity_bin=low,0.044,0.8799999999999999,1.3749999999999998,2.9999999999999973,gender=a man,"is_refusal=False, toxicity_bin=low, sentiment_bin=neutral",22
length_bin=short & religion=who is atheist,sentiment_bin=neutral & toxicity_bin=low,0.03,0.8823529411764705,1.3743815283122591,3.042999999999996,religion=who is atheist,"sentiment_bin=neutral, toxicity_bin=low, length_bin=short",15
age_group=a 45-year-old & gender=a non-binary person & socioeconomic=from a wealthy family,sentiment_bin=neutral & toxicity_bin=low,0.03,0.8823529411764705,1.3743815283122591,3.042999999999996,"socioeconomic=from a wealthy family, gender=a non-binary person, age_group=a 45-year-old","sentiment_bin=neutral, toxicity_bin=low",15
age_group=a 65-year-old & category=employment & socioeconomic=from a wealthy family,sentiment_bin=neutral & toxicity_bin=low,0.03,0.8823529411764705,1.3743815283122591,3.042999999999996,"socioeconomic=from a wealthy family, age_group=a 65-year-old","sentiment_bin=neutral, toxicity_bin=low",15
category=financial & gender=a man & length_bin=medium,sentiment_bin=neutral & toxicity_bin=low,0.03,0.8823529411764705,1.3743815283122591,3.042999999999996,gender=a man,"sentiment_bin=neutral, toxicity_bin=low, length_bin=medium",15
is_refusal=False & length_bin=short & religion=who is atheist,sentiment_bin=neutral & toxicity_bin=low,0.03,0.8823529411764705,1.3743815283122591,3.042999999999996,religion=who is atheist,"sentiment_bin=neutral, toxicity_bin=low, is_refusal=False, length_bin=short",15
gender=a woman & race_ethnicity=a Hispanic person,regard_bin=positive & sentiment_bin=neutral & toxicity_bin=low,0.052,0.6046511627906977,1.3742071881606768,1.4164705882352946,"gender=a woman, race_ethnicity=a Hispanic person","sentiment_bin=neutral, toxicity_bin=low, regard_bin=positive",26
category=criminal_justice & length_bin=medium & race_ethnicity=an Asian person,regard_bin=positive & toxicity_bin=low,0.034,0.8947368421052633,1.372295770100097,3.3060000000000036,race_ethnicity=an Asian person,"toxicity_bin=low, regard_bin=positive, length_bin=medium",17
race_ethnicity=an Asian person & religion=who is atheist,regard_bin=positive & sentiment_bin=neutral,0.04,0.6666666666666667,1.3717421124828535,1.5420000000000005,"race_ethnicity=an Asian person, religion=who is atheist","sentiment_bin=neutral, regard_bin=positive",20
is_refusal=False & race_ethnicity=an Asian person & religion=who is atheist,regard_bin=positive & sentiment_bin=neutral,0.04,0.6666666666666667,1.3717421124828535,1.5420000000000005,"race_ethnicity=an Asian person, religion=who is atheist","sentiment_bin=neutral, regard_bin=positive, is_refusal=False",20
age_group=a 65-year-old & religion=who is atheist,regard_bin=positive & sentiment_bin=neutral,0.036,0.6666666666666666,1.3717421124828533,1.5419999999999998,"religion=who is atheist, age_group=a 65-year-old","sentiment_bin=neutral, regard_bin=positive",18
age_group=a 65-year-old & is_refusal=False & religion=who is atheist,regard_bin=positive & sentiment_bin=neutral,0.036,0.6666666666666666,1.3717421124828533,1.5419999999999998,"religion=who is atheist, age_group=a 65-year-old","sentiment_bin=neutral, regard_bin=positive, is_refusal=False",18
age_group=a 65-year-old & religion=who is atheist & toxicity_bin=low,regard_bin=positive & sentiment_bin=neutral,0.032,0.6666666666666666,1.3717421124828533,1.5419999999999998,"religion=who is atheist, age_group=a 65-year-old","sentiment_bin=neutral, regard_bin=positive, toxicity_bin=low",16
category=financial & gender=a man,sentiment_bin=neutral,0.048,0.96,1.3714285714285714,7.499999999999995,gender=a man,sentiment_bin=neutral,24
category=financial & gender=a man & is_refusal=False,sentiment_bin=neutral,0.048,0.96,1.3714285714285714,7.499999999999995,gender=a man,"sentiment_bin=neutral, is_refusal=False",24
category=financial & gender=a man,sentiment_bin=neutral & toxicity_bin=low,0.044,0.8799999999999999,1.3707165109034265,2.9833333333333307,gender=a man,"sentiment_bin=neutral, toxicity_bin=low",22
category=financial & gender=a man & is_refusal=False,sentiment_bin=neutral & toxicity_bin=low,0.044,0.8799999999999999,1.3707165109034265,2.9833333333333307,gender=a man,"sentiment_bin=neutral, toxicity_bin=low, is_refusal=False",22
category=financial & gender=a man & toxicity_bin=low,is_refusal=False & sentiment_bin=neutral,0.044,0.9565217391304347,1.370374984427557,6.945999999999988,gender=a man,"is_refusal=False, sentiment_bin=neutral, toxicity_bin=low",22
category=financial & length_bin=medium & socioeconomic=from a wealthy family,is_refusal=False & sentiment_bin=neutral,0.044,0.9565217391304347,1.370374984427557,6.945999999999988,socioeconomic=from a wealthy family,"is_refusal=False, sentiment_bin=neutral, length_bin=medium",22
category=financial & gender=a man,length_bin=medium & sentiment_bin=neutral & toxicity_bin=low,0.03,0.6,1.36986301369863,1.405,gender=a man,"sentiment_bin=neutral, length_bin=medium, toxicity_bin=low",15
category=criminal_justice & gender=a non-binary person & sentiment_bin=neutral,length_bin=medium,0.044,0.9166666666666666,1.3681592039800994,3.9599999999999977,gender=a non-binary person,"length_bin=medium, sentiment_bin=neutral",22
category=criminal_justice & gender=a non-binary person,length_bin=medium & regard_bin=positive,0.042,0.65625,1.3671875,1.5127272727272727,gender=a non-binary person,"length_bin=medium, regard_bin=positive",21
length_bin=short & race_ethnicity=a Hispanic person,is_refusal=False & sentiment_bin=neutral & toxicity_bin=low,0.042,0.875,1.3671875,2.88,race_ethnicity=a Hispanic person,"is_refusal=False, toxicity_bin=low, sentiment_bin=neutral, length_bin=short",21
category=financial & gender=a man & toxicity_bin=low,sentiment_bin=neutral,0.044,0.9565217391304347,1.3664596273291925,6.899999999999988,gender=a man,"sentiment_bin=neutral, toxicity_bin=low",22
category=financial & length_bin=medium & socioeconomic=from a wealthy family,sentiment_bin=neutral,0.044,0.9565217391304347,1.3664596273291925,6.899999999999988,socioeconomic=from a wealthy family,"sentiment_bin=neutral, length_bin=medium",22
category=financial & gender=a man & is_refusal=False & toxicity_bin=low,sentiment_bin=neutral,0.044,0.9565217391304347,1.3664596273291925,6.899999999999988,gender=a man,"sentiment_bin=neutral, toxicity_bin=low, is_refusal=False",22
category=financial & is_refusal=False & length_bin=medium & socioeconomic=from a wealthy family,sentiment_bin=neutral,0.044,0.9565217391304347,1.3664596273291925,6.899999999999988,socioeconomic=from a wealthy family,"sentiment_bin=neutral, length_bin=medium, is_refusal=False",22
category=criminal_justice & gender=a non-binary person & regard_bin=positive,is_refusal=False & length_bin=medium,0.04,0.9090909090909092,1.365001365001365,3.674000000000003,gender=a non-binary person,"is_refusal=False, length_bin=medium, regard_bin=positive",20
category=criminal_justice & gender=a non-binary person & toxicity_bin=low,length_bin=medium & regard_bin=positive,0.038,0.6551724137931034,1.3649425287356323,1.508,gender=a non-binary person,"length_bin=medium, regard_bin=positive, toxicity_bin=low",19
category=financial & gender=a man & toxicity_bin=low,length_bin=medium & sentiment_bin=neutral,0.03,0.6521739130434783,1.3643805712206658,1.50075,gender=a man,"sentiment_bin=neutral, length_bin=medium, toxicity_bin=low",15
category=financial & length_bin=medium & socioeconomic=from a wealthy family & toxicity_bin=low,sentiment_bin=neutral,0.042,0.9545454545454547,1.363636363636364,6.600000000000023,socioeconomic=from a wealthy family,"sentiment_bin=neutral, length_bin=medium, toxicity_bin=low",21
race_ethnicity=a Hispanic person & sentiment_bin=positive,length_bin=medium & regard_bin=positive & toxicity_bin=low,0.03,0.6,1.3636363636363635,1.4000000000000001,race_ethnicity=a Hispanic person,"length_bin=medium, toxicity_bin=low, regard_bin=positive, sentiment_bin=positive",15
gender=a non-binary person & sentiment_bin=positive & socioeconomic=from a middle-class family,regard_bin=positive & toxicity_bin=low,0.032,0.888888888888889,1.3633265167007498,3.1320000000000014,"gender=a non-binary person, socioeconomic=from a middle-class family","toxicity_bin=low, regard_bin=positive, sentiment_bin=positive",16
length_bin=short & race_ethnicity=a Hispanic person,sentiment_bin=neutral & toxicity_bin=low,0.042,0.875,1.3629283489096573,2.864,race_ethnicity=a Hispanic person,"sentiment_bin=neutral, toxicity_bin=low, length_bin=short",21
is_refusal=False & length_bin=short & race_ethnicity=a Hispanic person,sentiment_bin=neutral & toxicity_bin=low,0.042,0.875,1.3629283489096573,2.864,race_ethnicity=a Hispanic person,"sentiment_bin=neutral, toxicity_bin=low, is_refusal=False, length_bin=short",21
category=criminal_justice & gender=a non-binary person & is_refusal=False & sentiment_bin=neutral,length_bin=medium,0.042,0.9130434782608696,1.3627514600908501,3.795000000000002,gender=a non-binary person,"length_bin=medium, is_refusal=False, sentiment_bin=neutral",21
category=criminal_justice & gender=a non-binary person & sentiment_bin=neutral & toxicity_bin=low,length_bin=medium,0.042,0.9130434782608696,1.3627514600908501,3.795000000000002,gender=a non-binary person,"length_bin=medium, sentiment_bin=neutral, toxicity_bin=low",21
category=healthcare & religion=who is atheist,is_refusal=False & length_bin=medium & toxicity_bin=low,0.03,0.8333333333333334,1.3616557734204795,2.3280000000000007,religion=who is atheist,"is_refusal=False, length_bin=medium, toxicity_bin=low",15
race_ethnicity=an Asian person & socioeconomic=from a middle-class family,is_refusal=False & length_bin=medium & regard_bin=positive,0.044,0.6470588235294117,1.3593672763222935,1.4846666666666664,"race_ethnicity=an Asian person, socioeconomic=from a middle-class family","is_refusal=False, length_bin=medium, regard_bin=positive",22
race_ethnicity=a White person & religion=who is atheist,is_refusal=False & sentiment_bin=neutral,0.036,0.9473684210526315,1.3572613482129392,5.737999999999995,"religion=who is atheist, race_ethnicity=a White person","is_refusal=False, sentiment_bin=neutral",18
category=healthcare & religion=who is atheist,length_bin=medium & toxicity_bin=low,0.03,0.8333333333333334,1.3572204125950056,2.3160000000000007,religion=who is atheist,"length_bin=medium, toxicity_bin=low",15
age_group=a 25-year-old & race_ethnicity=an Asian person & socioeconomic=from a middle-class family,length_bin=medium & toxicity_bin=low,0.03,0.8333333333333334,1.3572204125950056,2.3160000000000007,"race_ethnicity=an Asian person, age_group=a 25-year-old, socioeconomic=from a middle-class family","length_bin=medium, toxicity_bin=low",15
category=healthcare & is_refusal=False & religion=who is atheist,length_bin=medium & toxicity_bin=low,0.03,0.8333333333333334,1.3572204125950056,2.3160000000000007,religion=who is atheist,"length_bin=medium, toxicity_bin=low, is_refusal=False",15
age_group=a 45-year-old & religion=who is Jewish,length_bin=medium & sentiment_bin=neutral & toxicity_bin=low,0.038,0.59375,1.355593607305936,1.3833846153846154,"age_group=a 45-year-old, religion=who is Jewish","sentiment_bin=neutral, length_bin=medium, toxicity_bin=low",19
race_ethnicity=a White person & religion=who is atheist,sentiment_bin=neutral,0.036,0.9473684210526315,1.3533834586466165,5.699999999999995,"religion=who is atheist, race_ethnicity=a White person",sentiment_bin=neutral,18
is_refusal=False & race_ethnicity=a White person & religion=who is atheist,sentiment_bin=neutral,0.036,0.9473684210526315,1.3533834586466165,5.699999999999995,"religion=who is atheist, race_ethnicity=a White person","sentiment_bin=neutral, is_refusal=False",18
age_group=a 65-year-old & category=financial & length_bin=medium,regard_bin=positive & toxicity_bin=low,0.03,0.8823529411764705,1.3533020570191263,2.957999999999996,age_group=a 65-year-old,"toxicity_bin=low, regard_bin=positive, length_bin=medium",15
regard_bin=neutral & religion=who is Hindu,length_bin=medium & sentiment_bin=neutral & toxicity_bin=low,0.032,0.5925925925925926,1.3529511246406223,1.3794545454545455,religion=who is Hindu,"sentiment_bin=neutral, length_bin=medium, toxicity_bin=low, regard_bin=neutral",16
age_group=a 45-year-old & length_bin=medium & socioeconomic=from a wealthy family,regard_bin=positive & sentiment_bin=neutral,0.046,0.657142857142857,1.3521457965902408,1.4991666666666663,"socioeconomic=from a wealthy family, age_group=a 45-year-old","sentiment_bin=neutral, regard_bin=positive, length_bin=medium",23
age_group=a 25-year-old & religion=who is atheist & toxicity_bin=low,length_bin=medium & regard_bin=positive,0.048,0.6486486486486487,1.3513513513513515,1.4800000000000002,"religion=who is atheist, age_group=a 25-year-old","length_bin=medium, regard_bin=positive, toxicity_bin=low",24
length_bin=medium & race_ethnicity=a White person & socioeconomic=from a wealthy family,regard_bin=positive & sentiment_bin=neutral,0.042,0.65625,1.3503086419753088,1.4952727272727273,"socioeconomic=from a wealthy family, race_ethnicity=a White person","sentiment_bin=neutral, regard_bin=positive, length_bin=medium",21
religion=who is Christian & socioeconomic=from a wealthy family & toxicity_bin=low,regard_bin=positive & sentiment_bin=neutral,0.042,0.65625,1.3503086419753088,1.4952727272727273,"socioeconomic=from a wealthy family, religion=who is Christian","sentiment_bin=neutral, regard_bin=positive, toxicity_bin=low",21
category=education & religion=who is Muslim,is_refusal=False & length_bin=medium & toxicity_bin=low,0.038,0.8260869565217391,1.3498152884342143,2.2310000000000003,religion=who is Muslim,"is_refusal=False, length_bin=medium, toxicity_bin=low",19
age_group=a 25-year-old & religion=who is Hindu & toxicity_bin=low,length_bin=medium & sentiment_bin=neutral,0.04,0.6451612903225806,1.3497098123903362,1.471090909090909,"age_group=a 25-year-old, religion=who is Hindu","sentiment_bin=neutral, length_bin=medium, toxicity_bin=low",20
category=criminal_justice & gender=a non-binary person,length_bin=medium & regard_bin=positive & toxicity_bin=low,0.038,0.59375,1.3494318181818181,1.3784615384615386,gender=a non-binary person,"length_bin=medium, toxicity_bin=low, regard_bin=positive",19
race_ethnicity=an Asian person & sentiment_bin=positive,length_bin=medium & regard_bin=positive & toxicity_bin=low,0.038,0.59375,1.3494318181818181,1.3784615384615386,race_ethnicity=an Asian person,"length_bin=medium, toxicity_bin=low, regard_bin=positive, sentiment_bin=positive",19
length_bin=short & religion=who is atheist,is_refusal=False & sentiment_bin=neutral,0.032,0.9411764705882353,1.3483903590089332,5.1339999999999995,religion=who is atheist,"is_refusal=False, sentiment_bin=neutral, length_bin=short",16
age_group=a 25-year-old & gender=a man & regard_bin=neutral,is_refusal=False & sentiment_bin=neutral,0.032,0.9411764705882353,1.3483903590089332,5.1339999999999995,"gender=a man, age_group=a 25-year-old","is_refusal=False, sentiment_bin=neutral, regard_bin=neutral",16
category=financial & gender=a man & length_bin=medium,is_refusal=False & sentiment_bin=neutral,0.032,0.9411764705882353,1.3483903590089332,5.1339999999999995,gender=a man,"is_refusal=False, sentiment_bin=neutral, length_bin=medium",16
race_ethnicity=a White person & religion=who is atheist & toxicity_bin=low,is_refusal=False & sentiment_bin=neutral,0.032,0.9411764705882353,1.3483903590089332,5.1339999999999995,"religion=who is atheist, race_ethnicity=a White person","is_refusal=False, sentiment_bin=neutral, toxicity_bin=low",16
race_ethnicity=an Asian person & socioeconomic=from a middle-class family,length_bin=medium & regard_bin=positive,0.044,0.6470588235294117,1.3480392156862744,1.4733333333333332,"race_ethnicity=an Asian person, socioeconomic=from a middle-class family","length_bin=medium, regard_bin=positive",22
is_refusal=False & race_ethnicity=an Asian person & socioeconomic=from a middle-class family,length_bin=medium & regard_bin=positive,0.044,0.6470588235294117,1.3480392156862744,1.4733333333333332,"race_ethnicity=an Asian person, socioeconomic=from a middle-class family","length_bin=medium, regard_bin=positive, is_refusal=False",22
age_group=a 65-year-old & religion=who is atheist,regard_bin=positive & sentiment_bin=neutral & toxicity_bin=low,0.032,0.5925925925925926,1.3468013468013467,1.3745454545454545,"religion=who is atheist, age_group=a 65-year-old","sentiment_bin=neutral, toxicity_bin=low, regard_bin=positive",16
race_ethnicity=an Asian person & sentiment_bin=positive,is_refusal=False & regard_bin=positive & toxicity_bin=low,0.056,0.875,1.346153846153846,2.8,race_ethnicity=an Asian person,"is_refusal=False, toxicity_bin=low, regard_bin=positive, sentiment_bin=positive",28
category=education & religion=who is Muslim,length_bin=medium & toxicity_bin=low,0.038,0.8260869565217391,1.3454184959637445,2.2195,religion=who is Muslim,"length_bin=medium, toxicity_bin=low",19
age_group=a 45-year-old & religion=who is Jewish & sentiment_bin=neutral,length_bin=medium & toxicity_bin=low,0.038,0.8260869565217391,1.3454184959637445,2.2195,"age_group=a 45-year-old, religion=who is Jewish","length_bin=medium, toxicity_bin=low, sentiment_bin=neutral",19
category=education & is_refusal=False & religion=who is Muslim,length_bin=medium & toxicity_bin=low,0.038,0.8260869565217391,1.3454184959637445,2.2195,religion=who is Muslim,"length_bin=medium, toxicity_bin=low, is_refusal=False",19
age_group=a 45-year-old & length_bin=medium & religion=who is Jewish,sentiment_bin=neutral & toxicity_bin=low,0.038,0.8636363636363636,1.3452279807419993,2.6253333333333333,"age_group=a 45-year-old, religion=who is Jewish","sentiment_bin=neutral, toxicity_bin=low, length_bin=medium",19
length_bin=short & religion=who is atheist,sentiment_bin=neutral,0.032,0.9411764705882353,1.3445378151260505,5.1,religion=who is atheist,"sentiment_bin=neutral, length_bin=short",16
age_group=a 25-year-old & gender=a man & regard_bin=neutral,sentiment_bin=neutral,0.032,0.9411764705882353,1.3445378151260505,5.1,"gender=a man, age_group=a 25-year-old","sentiment_bin=neutral, regard_bin=neutral",16
category=financial & gender=a man & length_bin=medium,sentiment_bin=neutral,0.032,0.9411764705882353,1.3445378151260505,5.1,gender=a man,"sentiment_bin=neutral, length_bin=medium",16
is_refusal=False & length_bin=short & religion=who is atheist,sentiment_bin=neutral,0.032,0.9411764705882353,1.3445378151260505,5.1,religion=who is atheist,"sentiment_bin=neutral, length_bin=short, is_refusal=False",16
race_ethnicity=a White person & religion=who is atheist & toxicity_bin=low,sentiment_bin=neutral,0.032,0.9411764705882353,1.3445378151260505,5.1,"religion=who is atheist, race_ethnicity=a White person","sentiment_bin=neutral, toxicity_bin=low",16
age_group=a 25-year-old & gender=a man & is_refusal=False & regard_bin=neutral,sentiment_bin=neutral,0.032,0.9411764705882353,1.3445378151260505,5.1,"gender=a man, age_group=a 25-year-old","sentiment_bin=neutral, is_refusal=False, regard_bin=neutral",16
age_group=a 25-year-old & length_bin=medium & race_ethnicity=a Hispanic person & socioeconomic=from a wealthy family,sentiment_bin=neutral,0.032,0.9411764705882353,1.3445378151260505,5.1,"age_group=a 25-year-old, socioeconomic=from a wealthy family, race_ethnicity=a Hispanic person","sentiment_bin=neutral, length_bin=medium",16
category=financial & gender=a man & is_refusal=False & length_bin=medium,sentiment_bin=neutral,0.032,0.9411764705882353,1.3445378151260505,5.1,gender=a man,"sentiment_bin=neutral, length_bin=medium, is_refusal=False",16
category=financial & gender=a man,is_refusal=False & length_bin=medium & sentiment_bin=neutral,0.032,0.64,1.3445378151260505,1.4555555555555557,gender=a man,"is_refusal=False, length_bin=medium, sentiment_bin=neutral",16
category=financial & length_bin=medium & regard_bin=positive & socioeconomic=from a wealthy family,sentiment_bin=neutral,0.032,0.9411764705882353,1.3445378151260505,5.1,socioeconomic=from a wealthy family,"sentiment_bin=neutral, length_bin=medium, regard_bin=positive",16
race_ethnicity=a Hispanic person & religion=who is atheist,is_refusal=False & length_bin=medium & regard_bin=positive,0.032,0.64,1.3445378151260505,1.4555555555555557,"religion=who is atheist, race_ethnicity=a Hispanic person","is_refusal=False, length_bin=medium, regard_bin=positive",16
is_refusal=False & race_ethnicity=a White person & religion=who is atheist & toxicity_bin=low,sentiment_bin=neutral,0.032,0.9411764705882353,1.3445378151260505,5.1,"religion=who is atheist, race_ethnicity=a White person","sentiment_bin=neutral, is_refusal=False, toxicity_bin=low",16
category=criminal_justice & gender=a non-binary person & is_refusal=False,length_bin=medium & regard_bin=positive,0.04,0.6451612903225806,1.3440860215053763,1.4654545454545453,gender=a non-binary person,"length_bin=medium, regard_bin=positive, is_refusal=False",20
age_group=a 25-year-old & religion=who is Hindu & socioeconomic=from a wealthy family,is_refusal=False & sentiment_bin=neutral,0.03,0.9375,1.3431232091690546,4.832000000000001,"age_group=a 25-year-old, socioeconomic=from a wealthy family, religion=who is Hindu","is_refusal=False, sentiment_bin=neutral",15
category=financial & race_ethnicity=a Hispanic person & regard_bin=positive,is_refusal=False & sentiment_bin=neutral,0.03,0.9375,1.3431232091690546,4.832000000000001,race_ethnicity=a Hispanic person,"is_refusal=False, sentiment_bin=neutral, regard_bin=positive",15
length_bin=short & religion=who is atheist & toxicity_bin=low,is_refusal=False & sentiment_bin=neutral,0.03,0.9375,1.3431232091690546,4.832000000000001,religion=who is atheist,"is_refusal=False, sentiment_bin=neutral, length_bin=short, toxicity_bin=low",15
age_group=a 25-year-old & religion=who is Hindu,length_bin=medium & sentiment_bin=neutral & toxicity_bin=low,0.04,0.5882352941176471,1.3430029546065,1.364857142857143,"age_group=a 25-year-old, religion=who is Hindu","sentiment_bin=neutral, length_bin=medium, toxicity_bin=low",20
race_ethnicity=an Asian person & sentiment_bin=positive,regard_bin=positive & toxicity_bin=low,0.056,0.875,1.3420245398773005,2.784,race_ethnicity=an Asian person,"toxicity_bin=low, regard_bin=positive, sentiment_bin=positive",28
is_refusal=False & race_ethnicity=an Asian person & sentiment_bin=positive,regard_bin=positive & toxicity_bin=low,0.056,0.875,1.3420245398773005,2.784,race_ethnicity=an Asian person,"toxicity_bin=low, regard_bin=positive, is_refusal=False, sentiment_bin=positive",28
length_bin=medium & religion=who is Christian & socioeconomic=from a wealthy family,regard_bin=positive & sentiment_bin=neutral,0.03,0.6521739130434783,1.3419216317767042,1.4777500000000001,"religion=who is Christian, socioeconomic=from a wealthy family","sentiment_bin=neutral, regard_bin=positive, length_bin=medium",15
gender=a non-binary person & length_bin=medium & socioeconomic=from a wealthy family,regard_bin=positive & sentiment_bin=neutral,0.056,0.6511627906976745,1.339841133122787,1.473466666666667,"socioeconomic=from a wealthy family, gender=a non-binary person","sentiment_bin=neutral, regard_bin=positive, length_bin=medium",28
age_group=a 25-year-old & religion=who is Hindu & socioeconomic=from a wealthy family,sentiment_bin=neutral,0.03,0.9375,1.3392857142857144,4.800000000000001,"age_group=a 25-year-old, socioeconomic=from a wealthy family, religion=who is Hindu",sentiment_bin=neutral,15
category=financial & race_ethnicity=a Hispanic person & regard_bin=positive,sentiment_bin=neutral,0.03,0.9375,1.3392857142857144,4.800000000000001,race_ethnicity=a Hispanic person,"sentiment_bin=neutral, regard_bin=positive",15
length_bin=short & religion=who is atheist & toxicity_bin=low,sentiment_bin=neutral,0.03,0.9375,1.3392857142857144,4.800000000000001,religion=who is atheist,"sentiment_bin=neutral, length_bin=short, toxicity_bin=low",15
age_group=a 25-year-old & is_refusal=False & religion=who is Hindu & socioeconomic=from a wealthy family,sentiment_bin=neutral,0.03,0.9375,1.3392857142857144,4.800000000000001,"age_group=a 25-year-old, socioeconomic=from a wealthy family, religion=who is Hindu","sentiment_bin=neutral, is_refusal=False",15
age_group=a 45-year-old & gender=a non-binary person & is_refusal=False & socioeconomic=from a wealthy family,sentiment_bin=neutral,0.03,0.9375,1.3392857142857144,4.800000000000001,"socioeconomic=from a wealthy family, gender=a non-binary person, age_group=a 45-year-old","sentiment_bin=neutral, is_refusal=False",15
age_group=a 45-year-old & gender=a non-binary person & socioeconomic=from a wealthy family & toxicity_bin=low,sentiment_bin=neutral,0.03,0.9375,1.3392857142857144,4.800000000000001,"socioeconomic=from a wealthy family, gender=a non-binary person, age_group=a 45-year-old","sentiment_bin=neutral, toxicity_bin=low",15
age_group=a 65-year-old & category=employment & socioeconomic=from a wealthy family & toxicity_bin=low,sentiment_bin=neutral,0.03,0.9375,1.3392857142857144,4.800000000000001,"socioeconomic=from a wealthy family, age_group=a 65-year-old","sentiment_bin=neutral, toxicity_bin=low",15
category=financial & gender=a man & length_bin=medium & toxicity_bin=low,sentiment_bin=neutral,0.03,0.9375,1.3392857142857144,4.800000000000001,gender=a man,"sentiment_bin=neutral, length_bin=medium, toxicity_bin=low",15
category=financial & is_refusal=False & race_ethnicity=a Hispanic person & regard_bin=positive,sentiment_bin=neutral,0.03,0.9375,1.3392857142857144,4.800000000000001,race_ethnicity=a Hispanic person,"sentiment_bin=neutral, is_refusal=False, regard_bin=positive",15
category=financial & race_ethnicity=a Hispanic person & regard_bin=positive & toxicity_bin=low,sentiment_bin=neutral,0.03,0.9375,1.3392857142857144,4.800000000000001,race_ethnicity=a Hispanic person,"sentiment_bin=neutral, toxicity_bin=low, regard_bin=positive",15
is_refusal=False & length_bin=short & religion=who is atheist & toxicity_bin=low,sentiment_bin=neutral,0.03,0.9375,1.3392857142857144,4.800000000000001,religion=who is atheist,"sentiment_bin=neutral, is_refusal=False, length_bin=short, toxicity_bin=low",15
category=financial & gender=a man,length_bin=medium & sentiment_bin=neutral,0.032,0.64,1.3389121338912136,1.4500000000000002,gender=a man,"sentiment_bin=neutral, length_bin=medium",16
category=financial & gender=a man & is_refusal=False,length_bin=medium & sentiment_bin=neutral,0.032,0.64,1.3389121338912136,1.4500000000000002,gender=a man,"sentiment_bin=neutral, length_bin=medium, is_refusal=False",16
category=social & length_bin=medium & race_ethnicity=a Hispanic person,is_refusal=False & regard_bin=positive,0.034,0.9444444444444445,1.3377400062952474,5.292000000000009,race_ethnicity=a Hispanic person,"is_refusal=False, regard_bin=positive, length_bin=medium",17
age_group=a 25-year-old & regard_bin=neutral,length_bin=medium & sentiment_bin=neutral & toxicity_bin=low,0.048,0.5853658536585366,1.3364517206815902,1.3554117647058823,age_group=a 25-year-old,"sentiment_bin=neutral, length_bin=medium, toxicity_bin=low, regard_bin=neutral",24
age_group=a 25-year-old & sentiment_bin=positive & toxicity_bin=low,length_bin=medium & regard_bin=positive,0.05,0.6410256410256411,1.3354700854700856,1.4485714285714288,age_group=a 25-year-old,"length_bin=medium, regard_bin=positive, toxicity_bin=low, sentiment_bin=positive",25
race_ethnicity=a White person & religion=who is Hindu & sentiment_bin=neutral,is_refusal=False & length_bin=medium,0.032,0.888888888888889,1.3346680013346681,3.0060000000000016,"religion=who is Hindu, race_ethnicity=a White person","is_refusal=False, length_bin=medium, sentiment_bin=neutral",16
race_ethnicity=a Hispanic person & religion=who is atheist,length_bin=medium & regard_bin=positive,0.032,0.64,1.3333333333333335,1.4444444444444446,"religion=who is atheist, race_ethnicity=a Hispanic person","length_bin=medium, regard_bin=positive",16
age_group=a 25-year-old & gender=a woman & socioeconomic=from a wealthy family,length_bin=medium & regard_bin=positive,0.032,0.64,1.3333333333333335,1.4444444444444446,"age_group=a 25-year-old, gender=a woman, socioeconomic=from a wealthy family","length_bin=medium, regard_bin=positive",16
is_refusal=False & race_ethnicity=a Hispanic person & religion=who is atheist,length_bin=medium & regard_bin=positive,0.032,0.64,1.3333333333333335,1.4444444444444446,"religion=who is atheist, race_ethnicity=a Hispanic person","length_bin=medium, regard_bin=positive, is_refusal=False",16
age_group=a 25-year-old & regard_bin=neutral,is_refusal=False & length_bin=medium & sentiment_bin=neutral,0.052,0.6341463414634145,1.3322402131584339,1.4322666666666664,age_group=a 25-year-old,"is_refusal=False, length_bin=medium, sentiment_bin=neutral, regard_bin=neutral",26
age_group=a 25-year-old & religion=who is atheist,is_refusal=False & length_bin=medium & regard_bin=positive,0.052,0.6341463414634145,1.3322402131584339,1.4322666666666664,"religion=who is atheist, age_group=a 25-year-old","is_refusal=False, length_bin=medium, regard_bin=positive",26
age_group=a 25-year-old & category=financial,is_refusal=False & length_bin=medium & sentiment_bin=neutral,0.038,0.6333333333333333,1.330532212885154,1.429090909090909,age_group=a 25-year-old,"is_refusal=False, length_bin=medium, sentiment_bin=neutral",19
gender=a man & religion=who is atheist,is_refusal=False & length_bin=medium & regard_bin=positive,0.038,0.6333333333333333,1.330532212885154,1.429090909090909,"gender=a man, religion=who is atheist","is_refusal=False, length_bin=medium, regard_bin=positive",19
gender=a man & religion=who is atheist,is_refusal=False & length_bin=medium & sentiment_bin=neutral,0.038,0.6333333333333333,1.330532212885154,1.429090909090909,"gender=a man, religion=who is atheist","is_refusal=False, length_bin=medium, sentiment_bin=neutral",19
age_group=a 25-year-old & religion=who is atheist,length_bin=medium & regard_bin=positive & toxicity_bin=low,0.048,0.5853658536585366,1.3303769401330376,1.3505882352941176,"religion=who is atheist, age_group=a 25-year-old","length_bin=medium, toxicity_bin=low, regard_bin=positive",24
gender=a non-binary person & socioeconomic=from a wealthy family,regard_bin=positive & sentiment_bin=neutral & toxicity_bin=low,0.076,0.5846153846153845,1.3286713286713285,1.348148148148148,"socioeconomic=from a wealthy family, gender=a non-binary person","sentiment_bin=neutral, toxicity_bin=low, regard_bin=positive",38
length_bin=medium & race_ethnicity=a Hispanic person & socioeconomic=from a wealthy family,regard_bin=positive & sentiment_bin=neutral,0.04,0.6451612903225806,1.3274923669188903,1.4485454545454546,"socioeconomic=from a wealthy family, race_ethnicity=a Hispanic person","sentiment_bin=neutral, regard_bin=positive, length_bin=medium",20
race_ethnicity=an Asian person & regard_bin=positive & socioeconomic=from a middle-class family,length_bin=medium & toxicity_bin=low,0.044,0.8148148148148148,1.327059958981783,2.0843999999999996,"race_ethnicity=an Asian person, socioeconomic=from a middle-class family","length_bin=medium, toxicity_bin=low, regard_bin=positive",22
race_ethnicity=a White person & religion=who is Hindu & sentiment_bin=neutral,length_bin=medium,0.032,0.888888888888889,1.3266998341625207,2.970000000000001,"religion=who is Hindu, race_ethnicity=a White person","length_bin=medium, sentiment_bin=neutral",16
is_refusal=False & race_ethnicity=a White person & religion=who is Hindu & sentiment_bin=neutral,length_bin=medium,0.032,0.888888888888889,1.3266998341625207,2.970000000000001,"religion=who is Hindu, race_ethnicity=a White person","length_bin=medium, is_refusal=False, sentiment_bin=neutral",16
age_group=a 25-year-old & regard_bin=neutral,length_bin=medium & sentiment_bin=neutral,0.052,0.6341463414634145,1.326665986325135,1.4267999999999996,age_group=a 25-year-old,"length_bin=medium, sentiment_bin=neutral, regard_bin=neutral",26
age_group=a 25-year-old & is_refusal=False & regard_bin=neutral,length_bin=medium & sentiment_bin=neutral,0.052,0.6341463414634145,1.326665986325135,1.4267999999999996,age_group=a 25-year-old,"sentiment_bin=neutral, length_bin=medium, is_refusal=False, regard_bin=neutral",26
category=social & length_bin=medium & race_ethnicity=a Hispanic person,regard_bin=positive,0.034,0.9444444444444445,1.326466916354557,5.184000000000009,race_ethnicity=a Hispanic person,"regard_bin=positive, length_bin=medium",17
category=social & is_refusal=False & length_bin=medium & race_ethnicity=a Hispanic person,regard_bin=positive,0.034,0.9444444444444445,1.326466916354557,5.184000000000009,race_ethnicity=a Hispanic person,"regard_bin=positive, is_refusal=False, length_bin=medium",17
race_ethnicity=a Hispanic person & socioeconomic=from a wealthy family,regard_bin=positive & sentiment_bin=neutral & toxicity_bin=low,0.056,0.5833333333333334,1.325757575757576,1.3440000000000003,"race_ethnicity=a Hispanic person, socioeconomic=from a wealthy family","sentiment_bin=neutral, toxicity_bin=low, regard_bin=positive",28
gender=a non-binary person & religion=who is Muslim & toxicity_bin=low,length_bin=medium & regard_bin=positive,0.042,0.6363636363636364,1.3257575757575757,1.43,"gender=a non-binary person, religion=who is Muslim","length_bin=medium, regard_bin=positive, toxicity_bin=low",21
age_group=a 25-year-old & category=financial,length_bin=medium & sentiment_bin=neutral,0.038,0.6333333333333333,1.3249651324965133,1.4236363636363636,age_group=a 25-year-old,"length_bin=medium, sentiment_bin=neutral",19
gender=a man & religion=who is atheist,length_bin=medium & sentiment_bin=neutral,0.038,0.6333333333333333,1.3249651324965133,1.4236363636363636,"gender=a man, religion=who is atheist","sentiment_bin=neutral, length_bin=medium",19
age_group=a 25-year-old & category=financial & is_refusal=False,length_bin=medium & sentiment_bin=neutral,0.038,0.6333333333333333,1.3249651324965133,1.4236363636363636,age_group=a 25-year-old,"sentiment_bin=neutral, length_bin=medium, is_refusal=False",19
gender=a man & is_refusal=False & religion=who is atheist,length_bin=medium & sentiment_bin=neutral,0.038,0.6333333333333333,1.3249651324965133,1.4236363636363636,"gender=a man, religion=who is atheist","sentiment_bin=neutral, length_bin=medium, is_refusal=False",19
race_ethnicity=a Hispanic person & regard_bin=positive & sentiment_bin=positive,is_refusal=False & length_bin=medium,0.03,0.8823529411764705,1.3248542660307363,2.8389999999999964,race_ethnicity=a Hispanic person,"is_refusal=False, length_bin=medium, regard_bin=positive, sentiment_bin=positive",15
length_bin=medium & race_ethnicity=an Asian person & sentiment_bin=positive,regard_bin=positive & toxicity_bin=low,0.038,0.8636363636363636,1.3245956497490239,2.552,race_ethnicity=an Asian person,"toxicity_bin=low, regard_bin=positive, length_bin=medium, sentiment_bin=positive",19
race_ethnicity=an Asian person & religion=who is atheist & sentiment_bin=neutral,regard_bin=positive & toxicity_bin=low,0.038,0.8636363636363636,1.3245956497490239,2.552,"race_ethnicity=an Asian person, religion=who is atheist","toxicity_bin=low, regard_bin=positive, sentiment_bin=neutral",19
category=education & socioeconomic=from a low-income family,is_refusal=False & length_bin=medium & sentiment_bin=neutral,0.034,0.6296296296296297,1.3227513227513228,1.4148,socioeconomic=from a low-income family,"is_refusal=False, length_bin=medium, sentiment_bin=neutral",17
gender=a non-binary person & length_bin=medium & sentiment_bin=positive,regard_bin=positive & toxicity_bin=low,0.05,0.8620689655172414,1.3221916649037444,2.523000000000001,gender=a non-binary person,"toxicity_bin=low, regard_bin=positive, length_bin=medium, sentiment_bin=positive",25
age_group=a 25-year-old & sentiment_bin=positive,length_bin=medium & regard_bin=positive & toxicity_bin=low,0.05,0.5813953488372093,1.3213530655391121,1.337777777777778,age_group=a 25-year-old,"length_bin=medium, toxicity_bin=low, regard_bin=positive, sentiment_bin=positive",25
race_ethnicity=a Hispanic person & sentiment_bin=positive,is_refusal=False & length_bin=medium,0.044,0.8799999999999999,1.321321321321321,2.7833333333333306,race_ethnicity=a Hispanic person,"is_refusal=False, length_bin=medium, sentiment_bin=positive",22
race_ethnicity=a Hispanic person & sentiment_bin=positive & toxicity_bin=low,is_refusal=False & length_bin=medium,0.044,0.8799999999999999,1.321321321321321,2.7833333333333306,race_ethnicity=a Hispanic person,"is_refusal=False, length_bin=medium, toxicity_bin=low, sentiment_bin=positive",22
age_group=a 25-year-old & religion=who is atheist,length_bin=medium & regard_bin=positive,0.052,0.6341463414634145,1.3211382113821137,1.421333333333333,"religion=who is atheist, age_group=a 25-year-old","length_bin=medium, regard_bin=positive",26
age_group=a 25-year-old & is_refusal=False & religion=who is atheist,length_bin=medium & regard_bin=positive,0.052,0.6341463414634145,1.3211382113821137,1.421333333333333,"religion=who is atheist, age_group=a 25-year-old","length_bin=medium, regard_bin=positive, is_refusal=False",26
gender=a man & religion=who is atheist,length_bin=medium & regard_bin=positive,0.038,0.6333333333333333,1.3194444444444444,1.4181818181818182,"gender=a man, religion=who is atheist","length_bin=medium, regard_bin=positive",19
gender=a man & is_refusal=False & religion=who is atheist,length_bin=medium & regard_bin=positive,0.038,0.6333333333333333,1.3194444444444444,1.4181818181818182,"gender=a man, religion=who is atheist","length_bin=medium, regard_bin=positive, is_refusal=False",19
age_group=a 25-year-old & sentiment_bin=positive,is_refusal=False & length_bin=medium & regard_bin=positive,0.054,0.627906976744186,1.3191323040844245,1.40825,age_group=a 25-year-old,"is_refusal=False, length_bin=medium, regard_bin=positive, sentiment_bin=positive",27
category=healthcare & race_ethnicity=a Hispanic person,is_refusal=False & regard_bin=positive & toxicity_bin=low,0.036,0.857142857142857,1.3186813186813184,2.449999999999997,race_ethnicity=a Hispanic person,"is_refusal=False, toxicity_bin=low, regard_bin=positive",18
category=education & socioeconomic=from a low-income family,length_bin=medium & sentiment_bin=neutral,0.034,0.6296296296296297,1.3172167983883467,1.4094000000000002,socioeconomic=from a low-income family,"length_bin=medium, sentiment_bin=neutral",17
age_group=a 25-year-old & category=financial & toxicity_bin=low,length_bin=medium & sentiment_bin=neutral,0.034,0.6296296296296297,1.3172167983883467,1.4094000000000002,age_group=a 25-year-old,"sentiment_bin=neutral, length_bin=medium, toxicity_bin=low",17
category=education & is_refusal=False & socioeconomic=from a low-income family,length_bin=medium & sentiment_bin=neutral,0.034,0.6296296296296297,1.3172167983883467,1.4094000000000002,socioeconomic=from a low-income family,"sentiment_bin=neutral, length_bin=medium, is_refusal=False",17
race_ethnicity=a Hispanic person & regard_bin=positive & sentiment_bin=positive,length_bin=medium,0.03,0.8823529411764705,1.3169446883230902,2.8049999999999966,race_ethnicity=a Hispanic person,"length_bin=medium, sentiment_bin=positive, regard_bin=positive",15
is_refusal=False & race_ethnicity=a Hispanic person & regard_bin=positive & sentiment_bin=positive,length_bin=medium,0.03,0.8823529411764705,1.3169446883230902,2.8049999999999966,race_ethnicity=a Hispanic person,"length_bin=medium, is_refusal=False, regard_bin=positive, sentiment_bin=positive",15
race_ethnicity=a Hispanic person & regard_bin=positive & sentiment_bin=positive & toxicity_bin=low,length_bin=medium,0.03,0.8823529411764705,1.3169446883230902,2.8049999999999966,race_ethnicity=a Hispanic person,"length_bin=medium, regard_bin=positive, toxicity_bin=low, sentiment_bin=positive",15
gender=a man & religion=who is atheist & toxicity_bin=low,regard_bin=positive & sentiment_bin=neutral,0.032,0.64,1.316872427983539,1.4277777777777778,"gender=a man, religion=who is atheist","sentiment_bin=neutral, regard_bin=positive, toxicity_bin=low",16
gender=a woman & length_bin=medium & race_ethnicity=a White person,regard_bin=positive & sentiment_bin=neutral,0.032,0.64,1.316872427983539,1.4277777777777778,"gender=a woman, race_ethnicity=a White person","sentiment_bin=neutral, regard_bin=positive, length_bin=medium",16
age_group=a 25-year-old & gender=a non-binary person & sentiment_bin=positive & toxicity_bin=low,regard_bin=positive,0.03,0.9375,1.3167134831460674,4.6080000000000005,"age_group=a 25-year-old, gender=a non-binary person","regard_bin=positive, toxicity_bin=low, sentiment_bin=positive",15
race_ethnicity=a White person & religion=who is atheist,is_refusal=False & sentiment_bin=neutral & toxicity_bin=low,0.032,0.8421052631578948,1.3157894736842106,2.2800000000000007,"religion=who is atheist, race_ethnicity=a White person","is_refusal=False, toxicity_bin=low, sentiment_bin=neutral",16
religion=who is Christian & socioeconomic=from a wealthy family,is_refusal=False & regard_bin=positive & sentiment_bin=neutral,0.042,0.6363636363636364,1.314800901577761,1.419,"religion=who is Christian, socioeconomic=from a wealthy family","is_refusal=False, sentiment_bin=neutral, regard_bin=positive",21
category=healthcare & race_ethnicity=a Hispanic person,regard_bin=positive & toxicity_bin=low,0.036,0.857142857142857,1.314636283961437,2.4359999999999973,race_ethnicity=a Hispanic person,"toxicity_bin=low, regard_bin=positive",18
age_group=a 65-year-old & category=financial & sentiment_bin=neutral,regard_bin=positive & toxicity_bin=low,0.036,0.857142857142857,1.314636283961437,2.4359999999999973,age_group=a 65-year-old,"toxicity_bin=low, regard_bin=positive, sentiment_bin=neutral",18
category=healthcare & is_refusal=False & race_ethnicity=a Hispanic person,regard_bin=positive & toxicity_bin=low,0.036,0.857142857142857,1.314636283961437,2.4359999999999973,race_ethnicity=a Hispanic person,"toxicity_bin=low, regard_bin=positive, is_refusal=False",18
religion=who is Christian & socioeconomic=from a wealthy family,length_bin=medium & sentiment_bin=neutral & toxicity_bin=low,0.038,0.5757575757575757,1.31451501314515,1.3247142857142857,"religion=who is Christian, socioeconomic=from a wealthy family","sentiment_bin=neutral, length_bin=medium, toxicity_bin=low",19
category=criminal_justice & gender=a non-binary person & sentiment_bin=neutral,is_refusal=False & length_bin=medium,0.042,0.875,1.3138138138138138,2.6719999999999997,gender=a non-binary person,"is_refusal=False, length_bin=medium, sentiment_bin=neutral",21
race_ethnicity=a Hispanic person & sentiment_bin=positive,length_bin=medium,0.044,0.8799999999999999,1.3134328358208953,2.7499999999999973,race_ethnicity=a Hispanic person,"length_bin=medium, sentiment_bin=positive",22
is_refusal=False & race_ethnicity=a Hispanic person & sentiment_bin=positive,length_bin=medium,0.044,0.8799999999999999,1.3134328358208953,2.7499999999999973,race_ethnicity=a Hispanic person,"length_bin=medium, is_refusal=False, sentiment_bin=positive",22
race_ethnicity=a Hispanic person & sentiment_bin=positive & toxicity_bin=low,length_bin=medium,0.044,0.8799999999999999,1.3134328358208953,2.7499999999999973,race_ethnicity=a Hispanic person,"length_bin=medium, toxicity_bin=low, sentiment_bin=positive",22
is_refusal=False & race_ethnicity=a Hispanic person & sentiment_bin=positive & toxicity_bin=low,length_bin=medium,0.044,0.8799999999999999,1.3134328358208953,2.7499999999999973,race_ethnicity=a Hispanic person,"length_bin=medium, is_refusal=False, toxicity_bin=low, sentiment_bin=positive",22
age_group=a 25-year-old & race_ethnicity=a Hispanic person,regard_bin=positive & sentiment_bin=neutral & toxicity_bin=low,0.052,0.5777777777777777,1.313131313131313,1.3263157894736841,"age_group=a 25-year-old, race_ethnicity=a Hispanic person","sentiment_bin=neutral, toxicity_bin=low, regard_bin=positive",26
category=criminal_justice & gender=a non-binary person,is_refusal=False & length_bin=medium & regard_bin=positive,0.04,0.625,1.3130252100840336,1.3973333333333333,gender=a non-binary person,"is_refusal=False, length_bin=medium, regard_bin=positive",20
category=employment & race_ethnicity=a Hispanic person,is_refusal=False & sentiment_bin=neutral & toxicity_bin=low,0.042,0.84,1.3125,2.2499999999999996,race_ethnicity=a Hispanic person,"is_refusal=False, sentiment_bin=neutral, toxicity_bin=low",21
race_ethnicity=a White person & religion=who is atheist,sentiment_bin=neutral & toxicity_bin=low,0.032,0.8421052631578948,1.311690441055911,2.267333333333334,"religion=who is atheist, race_ethnicity=a White person","sentiment_bin=neutral, toxicity_bin=low",16
age_group=a 65-year-old & gender=a man & socioeconomic=from a low-income family,sentiment_bin=neutral & toxicity_bin=low,0.032,0.8421052631578948,1.311690441055911,2.267333333333334,"gender=a man, socioeconomic=from a low-income family, age_group=a 65-year-old","sentiment_bin=neutral, toxicity_bin=low",16
gender=a non-binary person & regard_bin=positive & religion=who is atheist,sentiment_bin=neutral & toxicity_bin=low,0.032,0.8421052631578948,1.311690441055911,2.267333333333334,"religion=who is atheist, gender=a non-binary person","sentiment_bin=neutral, toxicity_bin=low, regard_bin=positive",16
gender=a woman & length_bin=medium & religion=who is Hindu,sentiment_bin=neutral & toxicity_bin=low,0.032,0.8421052631578948,1.311690441055911,2.267333333333334,"gender=a woman, religion=who is Hindu","sentiment_bin=neutral, toxicity_bin=low, length_bin=medium",16
is_refusal=False & race_ethnicity=a White person & religion=who is atheist,sentiment_bin=neutral & toxicity_bin=low,0.032,0.8421052631578948,1.311690441055911,2.267333333333334,"religion=who is atheist, race_ethnicity=a White person","sentiment_bin=neutral, toxicity_bin=low, is_refusal=False",16
age_group=a 65-year-old & category=financial,length_bin=medium & regard_bin=positive & toxicity_bin=low,0.03,0.576923076923077,1.3111888111888113,1.323636363636364,age_group=a 65-year-old,"length_bin=medium, toxicity_bin=low, regard_bin=positive",15
category=financial & socioeconomic=from a wealthy family,is_refusal=False & sentiment_bin=neutral & toxicity_bin=low,0.052,0.8387096774193548,1.3104838709677418,2.231999999999999,socioeconomic=from a wealthy family,"is_refusal=False, sentiment_bin=neutral, toxicity_bin=low",26
gender=a non-binary person & race_ethnicity=a White person & sentiment_bin=neutral,length_bin=medium & regard_bin=positive,0.044,0.6285714285714284,1.3095238095238093,1.3999999999999997,"gender=a non-binary person, race_ethnicity=a White person","length_bin=medium, regard_bin=positive, sentiment_bin=neutral",22
religion=who is Christian & socioeconomic=from a wealthy family,regard_bin=positive & sentiment_bin=neutral,0.042,0.6363636363636364,1.3093901982790872,1.4135,"religion=who is Christian, socioeconomic=from a wealthy family","sentiment_bin=neutral, regard_bin=positive",21
is_refusal=False & religion=who is Christian & socioeconomic=from a wealthy family,regard_bin=positive & sentiment_bin=neutral,0.042,0.6363636363636364,1.3093901982790872,1.4135,"religion=who is Christian, socioeconomic=from a wealthy family","sentiment_bin=neutral, regard_bin=positive, is_refusal=False",21
category=employment & race_ethnicity=a Hispanic person,sentiment_bin=neutral & toxicity_bin=low,0.042,0.84,1.308411214953271,2.2374999999999994,race_ethnicity=a Hispanic person,"sentiment_bin=neutral, toxicity_bin=low",21
category=employment & is_refusal=False & race_ethnicity=a Hispanic person,sentiment_bin=neutral & toxicity_bin=low,0.042,0.84,1.308411214953271,2.2374999999999994,race_ethnicity=a Hispanic person,"sentiment_bin=neutral, toxicity_bin=low, is_refusal=False",21
age_group=a 25-year-old & sentiment_bin=positive,length_bin=medium & regard_bin=positive,0.054,0.627906976744186,1.308139534883721,1.3975,age_group=a 25-year-old,"length_bin=medium, regard_bin=positive, sentiment_bin=positive",27
age_group=a 25-year-old & is_refusal=False & sentiment_bin=positive,length_bin=medium & regard_bin=positive,0.054,0.627906976744186,1.308139534883721,1.3975,age_group=a 25-year-old,"length_bin=medium, regard_bin=positive, is_refusal=False, sentiment_bin=positive",27
age_group=a 25-year-old & race_ethnicity=a Hispanic person & socioeconomic=from a wealthy family,is_refusal=False & sentiment_bin=neutral,0.042,0.9130434782608696,1.3080852124081228,3.473000000000003,"age_group=a 25-year-old, race_ethnicity=a Hispanic person, socioeconomic=from a wealthy family","is_refusal=False, sentiment_bin=neutral",21
gender=a man & regard_bin=positive & religion=who is atheist,length_bin=medium & sentiment_bin=neutral,0.03,0.625,1.3075313807531381,1.3920000000000001,"gender=a man, religion=who is atheist","sentiment_bin=neutral, length_bin=medium, regard_bin=positive",15
category=financial & socioeconomic=from a wealthy family,sentiment_bin=neutral & toxicity_bin=low,0.052,0.8387096774193548,1.3064013666968142,2.219599999999999,socioeconomic=from a wealthy family,"sentiment_bin=neutral, toxicity_bin=low",26
category=financial & is_refusal=False & socioeconomic=from a wealthy family,sentiment_bin=neutral & toxicity_bin=low,0.052,0.8387096774193548,1.3064013666968142,2.219599999999999,socioeconomic=from a wealthy family,"sentiment_bin=neutral, toxicity_bin=low, is_refusal=False",26
category=criminal_justice & gender=a non-binary person,length_bin=medium,0.056,0.875,1.3059701492537312,2.6399999999999997,gender=a non-binary person,length_bin=medium,28
age_group=a 25-year-old & race_ethnicity=a Hispanic person & socioeconomic=from a wealthy family,sentiment_bin=neutral,0.042,0.9130434782608696,1.3043478260869568,3.450000000000003,"age_group=a 25-year-old, race_ethnicity=a Hispanic person, socioeconomic=from a wealthy family",sentiment_bin=neutral,21
age_group=a 25-year-old & is_refusal=False & race_ethnicity=a Hispanic person & socioeconomic=from a wealthy family,sentiment_bin=neutral,0.042,0.9130434782608696,1.3043478260869568,3.450000000000003,"age_group=a 25-year-old, race_ethnicity=a Hispanic person, socioeconomic=from a wealthy family","sentiment_bin=neutral, is_refusal=False",21
category=healthcare & gender=a man & sentiment_bin=neutral,regard_bin=positive & toxicity_bin=low,0.034,0.8500000000000001,1.303680981595092,2.320000000000001,gender=a man,"toxicity_bin=low, regard_bin=positive, sentiment_bin=neutral",17
age_group=a 25-year-old & gender=a woman & socioeconomic=from a wealthy family,length_bin=medium & toxicity_bin=low,0.04,0.7999999999999999,1.3029315960912051,1.9299999999999995,"age_group=a 25-year-old, gender=a woman, socioeconomic=from a wealthy family","length_bin=medium, toxicity_bin=low",20
category=financial & race_ethnicity=a Hispanic person,is_refusal=False & sentiment_bin=neutral,0.04,0.9090909090909092,1.3024225058609016,3.3220000000000036,race_ethnicity=a Hispanic person,"is_refusal=False, sentiment_bin=neutral",20
category=financial & race_ethnicity=a Hispanic person & toxicity_bin=low,is_refusal=False & sentiment_bin=neutral,0.04,0.9090909090909092,1.3024225058609016,3.3220000000000036,race_ethnicity=a Hispanic person,"is_refusal=False, sentiment_bin=neutral, toxicity_bin=low",20
category=social & socioeconomic=from a low-income family & toxicity_bin=low,length_bin=medium & regard_bin=positive,0.03,0.625,1.3020833333333335,1.3866666666666667,socioeconomic=from a low-income family,"length_bin=medium, regard_bin=positive, toxicity_bin=low",15
category=criminal_justice & race_ethnicity=a Hispanic person,is_refusal=False & sentiment_bin=neutral & toxicity_bin=low,0.03,0.8333333333333334,1.3020833333333333,2.1600000000000006,race_ethnicity=a Hispanic person,"is_refusal=False, sentiment_bin=neutral, toxicity_bin=low",15
age_group=a 65-year-old & category=financial,is_refusal=False & regard_bin=positive & toxicity_bin=low,0.044,0.8461538461538461,1.301775147928994,2.275,age_group=a 65-year-old,"is_refusal=False, toxicity_bin=low, regard_bin=positive",22
category=healthcare & gender=a man,is_refusal=False & regard_bin=positive & sentiment_bin=neutral,0.034,0.6296296296296297,1.3008876645240282,1.3932000000000002,gender=a man,"is_refusal=False, sentiment_bin=neutral, regard_bin=positive",17
regard_bin=neutral & socioeconomic=from a low-income family,is_refusal=False & length_bin=medium & sentiment_bin=neutral,0.052,0.619047619047619,1.3005202080832332,1.3754999999999997,socioeconomic=from a low-income family,"is_refusal=False, length_bin=medium, sentiment_bin=neutral, regard_bin=neutral",26
gender=a non-binary person & length_bin=medium & sentiment_bin=positive & toxicity_bin=low,regard_bin=positive,0.05,0.925925925925926,1.3004577611319186,3.8880000000000066,gender=a non-binary person,"regard_bin=positive, toxicity_bin=low, length_bin=medium, sentiment_bin=positive",25
